{
  "patient_id": 0,
  "from": 1668690107.726423,
  "to": 1668690108.726423,
  "wave": {
    "ecg_wave": [
      76,
      60,
      78,
      66,
      64,
      121,
      70,
      83,
      58,
      114,
      71,
      93,
      70,
      116,
      102,
      72,
      109,
      118,
      75,
      79,
      79,
      95,
      77,
      78,
      111,
      68,
      77,
      110,
      68,
      85,
      87,
      63,
      96,
      55,
      69,
      119,
      109,
      69,
      94,
      66,
      124,
      117,
      79,
      110,
      94,
      89,
      86,
      106,
      75,
      120,
      122,
      125,
      92,
      95,
      62,
      66,
      59,
      79,
      58,
      109,
      91,
      66,
      81,
      110,
      71,
      80,
      120,
      60,
      123,
      66,
      84,
      118,
      65,
      115,
      87,
      85,
      55,
      93,
      107,
      99,
      70,
      113,
      82,
      104,
      77,
      81,
      63,
      78,
      75,
      55,
      95,
      121,
      89,
      96,
      115,
      92,
      59,
      62,
      79,
      109,
      62,
      116,
      74,
      71,
      89,
      94,
      66,
      77,
      114,
      56,
      56,
      114,
      73,
      100,
      123,
      90,
      58,
      125,
      108,
      78,
      64,
      125,
      63,
      113,
      117,
      78,
      68,
      78,
      57,
      66,
      113,
      62,
      106,
      112,
      81,
      111,
      78,
      61,
      93,
      123,
      100,
      59,
      55,
      81,
      76,
      83,
      79,
      121,
      90,
      95,
      65,
      103,
      111,
      74,
      99,
      125,
      59,
      86,
      65,
      70,
      77,
      122,
      95,
      106,
      103,
      125,
      79,
      88,
      57,
      75,
      67,
      75,
      74,
      113,
      55,
      63,
      69,
      98,
      89,
      65,
      61,
      97,
      67,
      99,
      96,
      102,
      78,
      95,
      79,
      121,
      104,
      93,
      125,
      63,
      79,
      80,
      56,
      55,
      100,
      57,
      94,
      81,
      91,
      67,
      67,
      64,
      87,
      73,
      109,
      99,
      59,
      106,
      85,
      79,
      89,
      69,
      87,
      94,
      106,
      105,
      64,
      112,
      106,
      82,
      116,
      60,
      96,
      97,
      99,
      121,
      112,
      96,
      111,
      90,
      81,
      122,
      62,
      116,
      110,
      85,
      99,
      116,
      77,
      124,
      108,
      114,
      119,
      63,
      117,
      122
    ],
    "spo2_wave": [
      94,
      95,
      91,
      93,
      96,
      91,
      98,
      97,
      90,
      99,
      90,
      90,
      99,
      97,
      94,
      97,
      98,
      97,
      94,
      94,
      97,
      95,
      91,
      93,
      97,
      98,
      96,
      97,
      91,
      91,
      97,
      92,
      96,
      90,
      94,
      92,
      92,
      92,
      98,
      92,
      98,
      91,
      97,
      97,
      90,
      97,
      96,
      99,
      97,
      100
    ],
    "resp_wave": [
      11,
      12,
      15,
      20,
      18,
      25,
      29,
      35,
      22,
      23,
      20,
      22,
      10,
      29,
      19,
      35,
      17,
      24,
      19,
      18,
      10,
      30,
      33,
      34,
      28,
      18,
      20,
      25,
      28,
      26,
      27,
      21,
      20,
      23,
      17,
      30,
      31,
      15,
      33,
      29,
      11,
      29,
      19,
      30,
      16,
      24,
      16,
      25,
      32,
      14
    ]
  },
  "param": {
    "ecg_param": {
      "time": [
        1668690107.726423
      ],
      "signal": [
        0
      ],
      "lead": [
        0
      ],
      "gain": [
        0
      ],
      "filter": [
        1
      ],
      "resp": [
        10000
      ],
      "hr": [
        70
      ],
      "st": [
        -1
      ]
    },
    "nibp_param": {
      "time": [
        1668690107.726423
      ],
      "patient_mode": [
        0
      ],
      "test_result": [
        1
      ],
      "status": [
        0
      ],
      "cuff": [
        73
      ],
      "sys": [
        90
      ],
      "map": [
        32
      ],
      "dia": [
        85
      ]
    },
    "spo2_param": {
      "time": [
        1668690107.726423
      ],
      "status": [
        0
      ],
      "spo2": [
        92
      ],
      "pr": [
        88
      ]
    },
    "temp_param": {
      "time": [
        1668690107.726423
      ],
      "status": [
        0
      ],
      "temp": [
        37
      ]
    },
    "ecg_peak": {
      "time": [
        1668690107.726423
      ],
      "peak": [
        0
      ]
    },
    "spo2_peak": {
      "time": [
        1668690107.726423
      ],
      "peak": [
        0
      ]
    }
  },
  "device": {
    "bluetooth": {
      "time": [
        1668690107.726423
      ],
      "name": [
        "bluetooth"
      ],
      "status": [
        0
      ]
    },
    "battery": {
      "time": [
        1668690107.726423
      ],
      "charging": [
        0
      ],
      "level": [
        100
      ]
    }
  },
  "warning": {
    "time": [
      1668690107.726423
    ],
    "warning": [
      "warning_1"
    ]
  }
}